Month,sp500 return,stock: (United States),dow jones: (United States),gme stock: (United States),amc stock: (United States),tesla stock: (United States),nio stock: (United States),tsla: (United States),gamestop stock: (United States),dow jones today: (United States),apple stock: (United States),goog: (United States),tsla stock: (United States),dow jones live: (United States),amazon stock: (United States),djia: (United States),dow futures: (United States),nasdaq index: (United States),dow jones index: (United States),stock market today: (United States),dow jones industrial average: (United States),dow jones futures: (United States),nasdaq today: (United States),stock futures: (United States),s and p 500: (United States),stocks: (United States),stock market: (United States),nasdaq composite: (United States),share market: (United States),dow today: (United States),djia today: (United States),s&p 500 index: (United States),dow futures live: (United States),nasdaq futures: (United States),stock market news: (United States),share market today: (United States),djia futures: (United States),vtsax: (United States),stock market futures: (United States),dow jones live futures: (United States),aapl stock price: (United States),s&p 500 today: (United States),fear and greed index: (United States),vti stock: (United States),dow jones share price: (United States),s&p futures: (United States),msft stock price: (United States),stock market live: (United States),stock market stocks: (United States),vix stock: (United States),dow jones average: (United States),Economy topic,Inflation topic,Job topic,Stock topic
2004-01,0.0109,16,2,0,0.5,0,0,0.5,0,0.5,1,4,0,0,0.5,2,0.5,11,11,0.5,5,0.5,0,1,1,28,10,7,65,0.5,1,21,0,5,2,13,0,0,2,0,0,0,0,0,0,4,0,1,13,0,7,44,39,68,15
2004-02,-0.0157,15,1,0,0,0,0,0.5,0,0.5,1,3,0,0.5,1,1,0.5,7,7,0,5,0.5,0,1,3,25,11,1,90,0.5,0,19,0,9,3,0,0,1,0.5,0,0,0,0,0,0,3,0,1,15,0,6,50,38,61,14
2004-03,0.0097,12,2,0,0.5,0,0.5,0,0,0.5,1,4,0,1,0.5,1,0.5,6,13,0.5,5,1,1,1,1,23,10,4,90,0.5,0,21,0,10,3,16,0,0,1,0,0,0,0,0,8,4,0,1,11,0,6,47,45,65,12
2004-04,-0.0256,14,2,0,0.5,0,0,0.5,0,0.5,1,4,0,0,0.5,1,0.5,5,12,0.5,6,0,0.5,1,2,22,10,1,94,0.5,0,25,0,5,3,12,0,0,1,0,1,0,0,0,6,2,1,1,12,1,6,60,48,66,13
2004-05,0.0286,11,1,0,0.5,0,0,0,0,0.5,1,5,0,0.5,0,1,0.5,7,7,0.5,5,0.5,0.5,1,1,20,8,4,80,0.5,0,16,0,5,3,11,0,0,0.5,0,0,0,0,1,0,2,0,1,10,0,6,44,39,67,11
2004-06,-0.0224,11,1,0,0,0,0,0.5,0,0,1,5,0,0,1,1,0.5,4,7,0.5,3,0,0.5,1,2,18,7,2,76,0.5,0.5,15,0,11,3,0,0,0,0.5,0,0,0,0,0,0,4,0,0.5,8,0,4,32,38,70,11
2004-07,-0.0139,12,1,0,0,0,0,0.5,0.5,0.5,1,6,0,0.5,1,1,0.5,6,7,0.5,2,0.5,0,1,1,17,7,6,76,0.5,0,23,0,4,2,0,0,0,0.5,0,1,0,0,0,0,2,5,1,7,0,3,31,32,67,11
2004-08,0.0278,12,1,0,0,0,0,0.5,0,0.5,1,34,0,0,0.5,1,0.5,5,6,0.5,2,0.5,0.5,1,1,18,7,1,66,0.5,0,19,0,5,3,0,0,0,0.5,0,0,0,0,0,0,3,1,1,12,0,4,30,30,64,11
2004-09,0.001,12,1,0,0.5,0,0,0.5,0.5,0.5,1,20,0,0,0.5,1,0.5,4,8,0.5,3,0,0,1,2,19,7,4,78,0.5,0,14,0,10,3,10,0,0,0.5,0,0,0,0,0,0,2,2,2,12,1,5,42,31,62,11
2004-10,0.0477,13,2,0,0,0,0,0.5,0,0.5,1,24,0,0,0.5,1,0.5,3,8,0.5,5,0.5,0,1,1,20,9,6,86,0,0.5,17,0,6,3,0,0,0,1,0,0,0,0,0,0,3,1,1,14,0,7,46,38,59,12
2004-11,0.0273,14,2,0.5,0.5,0,0,0,0,0.5,2,25,0,0,0.5,2,0.5,8,8,0.5,5,0.5,0,1,1,24,11,5,100,0.5,0,21,0,10,3,0,0.5,0,1,0,0,0,0,0,0,2,1,1,14,0,6,51,42,55,14
2004-12,-0.0135,14,1,0,0,0,0,0,0,0.5,1,19,0,0,1,2,0.5,5,9,0.5,4,0.5,0.5,1,1,25,9,4,70,0.5,0,20,0,6,3,0,0,0,0.5,0,0,0,0,0,5,3,2,1,12,1,4,40,35,51,14
2005-01,0.0168,15,2,0.5,0,0,0,0,0.5,0.5,3,17,0,0.5,0.5,1,0.5,6,11,0.5,4,0.5,0,1,1,24,9,5,67,0.5,0,23,0,7,3,0,0,0,1,0,0.5,0,0,0,0,2,1,1,14,0,5,38,34,64,13
2005-02,-0.0026,15,1,0,0.5,0.5,0,0.5,0.5,0.5,5,22,0,0,0.5,1,0.5,3,8,0.5,5,0.5,1,1,1,26,10,5,80,0.5,0,23,0,4,2,0,0,0,0.5,0,1,1,0,2,0,3,0,1,17,1,6,39,39,59,14
2005-03,-0.0241,14,1,0,0,0,0,0.5,0.5,0,3,17,0,0.5,0.5,1,0.5,5,10,0.5,5,0,0,1,1,23,10,4,77,0.5,0.5,21,0,5,3,7,0,0,0.5,0,0,0,0,0,0,2,0,2,14,1,6,39,38,61,14
2005-04,0.0134,13,2,0,0,0,0,0,0.5,0,2,30,0,1,0.5,2,0.5,4,10,0.5,5,0.5,0.5,1,1,20,9,2,95,0.5,0,18,0,5,3,0,0.5,0,1,0,0.5,1,0,0,0,2,1,1,11,1,6,44,41,61,12
2005-05,0.0218,13,1,0,0.5,0.5,0,0.5,0,0,1,37,0,0.5,0.5,1,0.5,3,10,0.5,3,0.5,0,0.5,1,18,8,5,69,0.5,0,18,0,4,2,0,0,0,0,0,1,1,0,2,4,3,1,1,9,0,4,41,36,63,12
2005-06,0.0181,13,1,0.5,0.5,0,0.5,0,0,0.5,2,52,0,0.5,1,2,0.5,2,8,0.5,2,0.5,0.5,1,1,19,7,2,71,0.5,0,19,0,4,3,0,0,0,1,0,0.5,0,0,0,0,2,1,1,9,0,2,32,32,64,12
2005-07,0.0031,13,1,0.5,0,0,0,0,0.5,0.5,1,50,0,0,0.5,1,0.5,5,7,0.5,2,0.5,0.5,1,1,20,7,5,55,0.5,0,16,0,7,2,0,0,0,1,0,0,1,0,0,0,2,1,0.5,8,0,3,23,28,60,12
2005-08,0.0028,13,1,0.5,0.5,0,0,0.5,0,0.5,1,36,0,0,0.5,1,0.5,3,8,0.5,2,0.5,0.5,1,1,20,7,2,63,0.5,0.5,13,0,2,3,0,0,0,0.5,0,0,1,0,0,0,2,2,0.5,11,1,3,30,29,61,13
2005-09,-0.0262,13,1,0,0.5,0,0,0,0.5,0.5,2,36,0,0.5,0.5,1,0.5,3,9,0.5,4,0.5,0.5,1,1,22,7,2,69,0.5,0,14,0,5,3,0,0,0,0.5,0,1,0,0,1,0,3,1,1,13,0,4,37,34,59,13
2005-10,0.0396,14,1,0.5,0.5,0,0,0.5,0.5,0.5,3,54,0,0.5,0.5,2,0.5,3,7,0.5,3,0,1,1,1,22,8,4,72,0.5,0,14,0,7,4,0,0,0,0.5,0,1,0,0,1,0,2,2,1,14,0,4,36,39,54,13
2005-11,0.0214,16,1,0.5,0.5,0,0,0,0.5,0.5,3,70,0,0.5,1,1,0.5,4,7,0.5,4,0.5,1,1,1,22,9,3,70,0.5,0,16,0,2,3,6,0.5,0,1,0,1,0,0,1,0,2,3,0.5,14,0,5,40,39,50,15
2005-12,0.0147,15,1,0.5,0.5,0,0,0.5,0.5,0.5,3,65,0,0,1,1,0.5,3,8,0.5,3,0.5,0,1,1,23,8,2,58,0.5,0,20,0,2,3,0,0,0,0.5,0,0,0,0,1,0,2,1,1,10,0,3,32,31,46,15
2006-01,-0.0002,18,2,0.5,0.5,0.5,0,0.5,0.5,0.5,5,95,0,0,1,2,0.5,5,9,0.5,5,0.5,0.5,1,2,26,10,4,55,0.5,0,23,0,4,3,0,0,0,1,0,1,0,0,1,0,2,2,2,13,0,6,30,33,61,17
2006-02,0.0149,17,1,0.5,0.5,0,0,0,0,0.5,3,100,0,0.5,1,2,0.5,4,7,0.5,3,0.5,0.5,1,2,25,10,4,60,0.5,0,16,0,6,3,0,0.5,1,1,0,0,0,1,2,3,1,0.5,1,14,0,4,37,35,56,16
2006-03,0.008,16,1,0.5,0.5,0,0,0.5,0.5,0.5,2,77,0,0.5,0.5,2,0.5,4,7,0.5,4,0.5,1,1,2,24,9,3,65,0.5,0,14,0,3,3,0,0.5,0,1,0,1,0,0,0,0,2,1,0.5,15,0,5,35,35,59,16
2006-04,-0.0079,15,1,0.5,0.5,0,0,0.5,0.5,0.5,3,63,0,0.5,1,2,0.5,3,8,0.5,4,0,0.5,1,1,24,9,4,74,0.5,0.5,14,0,4,4,15,0,0.5,1,0,1,1,0,0,0,1,2,0.5,14,0,4,40,41,58,15
2006-05,-0.0271,14,1,0,0.5,0,0,0.5,0.5,0.5,2,56,0,1,0.5,2,0.5,6,7,0.5,3,0,0.5,1,1,22,9,5,61,0.5,0.5,14,0,5,4,0,0.5,0.5,1,0,0.5,0,0,0,0,2,0,1,12,0,4,35,39,60,13
2006-06,0.0072,12,1,0,0,0.5,0,0.5,0,0.5,1,45,0,1,0.5,2,0.5,3,10,0.5,3,0.5,0,1,1,17,8,4,48,0.5,0,14,0,6,3,0,0,0,1,0,1,0,0,0,0,2,1,1,8,0,4,25,34,59,11
2006-07,0.0229,12,1,0,0.5,0,0,0.5,0.5,0.5,2,46,0,0.5,1,2,0.5,2,7,0.5,2,0,0.5,1,1,18,6,3,49,0.5,0,15,0,5,2,10,0.5,0,1,0,0,1,0,0,5,2,1,1,7,1,3,21,27,61,11
2006-08,0.0253,12,1,0,0.5,0.5,0,0.5,0.5,0.5,2,40,0,0,0.5,2,0.5,2,6,0.5,3,0.5,1,1,1,17,6,3,48,0.5,0,13,0,4,2,0,0,0,0.5,0,0.5,0,0,0,0,2,1,0.5,10,0,3,22,27,61,11
2006-09,0.0362,12,1,0.5,0.5,0.5,0,0.5,0.5,0.5,2,40,0,0,1,2,0.5,4,10,0.5,3,0.5,0.5,1,1,18,7,5,57,0.5,0,14,0,3,2,0,0,1,1,0,0.5,1,0,0,4,2,1,2,12,0,4,28,30,58,11
2006-10,0.02,14,2,0.5,0.5,0.5,0,0.5,0.5,0.5,2,60,0,0.5,1,3,0.5,4,10,0.5,6,0.5,0.5,1,2,20,9,4,61,0.5,0.5,13,0,3,3,0,0,0,0.5,0,1,0,0,0,0,2,1,1,14,2,7,30,32,54,13
2006-11,0.0215,13,1,0.5,0.5,0,0,0.5,0.5,0.5,2,55,0,0,1,2,0.5,4,8,0.5,4,0.5,0.5,1,2,20,8,3,56,0.5,0.5,16,0.5,3,3,0,0.5,1,0.5,0,1,0,0,0,0,1,1,0.5,9,1,4,31,33,50,12
2006-12,0.0069,13,1,0.5,0.5,0,0,0.5,0.5,0.5,3,46,0,0.5,1,2,0.5,3,7,0.5,3,0.5,0,1,1,19,8,4,48,0.5,0.5,13,0,1,3,0,0,0,0.5,0,0.5,0,0,1,0,2,1,1,10,1,4,26,31,45,12
2007-01,0.016,15,1,0.5,0.5,0.5,0,0.5,0.5,0.5,7,46,0,0.5,1,2,0.5,4,9,0.5,4,0.5,0.5,1,2,22,8,3,44,0.5,0,19,0,2,2,0,0,1,0.5,0,1,0,0,0,0,2,2,1,13,1,5,26,28,63,14
2007-02,-0.0247,15,2,0.5,0.5,0.5,0,0,0.5,0.5,3,51,0,1,0.5,3,0.5,4,10,1,5,0.5,0.5,1,2,22,11,2,56,0.5,0.5,16,0,2,7,0,0.5,0.5,1,0,0.5,1,1,0.5,2,1,0.5,1,16,0,6,29,35,57,15
2007-03,0.0418,14,2,0.5,0.5,0.5,0.5,0.5,0.5,0.5,3,44,0,0.5,1,3,0.5,4,11,0.5,6,0.5,0.5,1,2,21,11,4,55,0.5,0,13,0,5,7,7,0,1,1,0,0.5,1,0,1,2,2,0,1,13,0.5,6,30,31,55,14
2007-04,0.0339,14,1,0.5,0.5,0.5,0,0.5,0.5,0.5,3,47,0,0.5,1,2,0.5,3,8,0.5,5,0.5,0.5,1,1,20,9,3,57,0.5,0.5,13,0,2,3,4,0.5,1,1,0,1,0,0,0,0,2,1,0.5,14,0.5,6,30,34,58,13
2007-05,0.0034,13,2,0,0.5,0.5,0,0.5,0.5,0.5,4,41,0,0.5,1,2,0.5,2,8,0.5,4,0.5,0.5,1,1,18,8,2,46,0.5,0.5,13,0,2,3,0,0.5,0,1,0,0.5,0,0,1,0,1,1,1,11,1,5,31,33,63,13
2007-06,0.0057,12,1,0.5,0.5,0.5,0,0.5,0.5,0.5,8,46,0,0.5,1,3,0.5,2,8,0.5,3,0.5,0.5,1,1,17,7,3,49,0.5,0.5,13,0,3,4,0,0.5,0.5,0.5,0,1,0.5,0,1,2,2,0,1,9,0,3,21,27,64,12
2007-07,-0.042,14,2,0.5,0.5,0.5,0,0.5,0.5,0.5,8,52,0,1,1,3,0.5,5,10,0.5,6,0.5,0.5,1,2,20,9,4,48,0.5,0.5,13,0,5,5,0,0,0,1,0,2,0.5,0,0.5,0,2,1,2,12,1,8,20,27,64,14
2007-08,0.0307,14,3,0.5,0.5,0.5,0,0.5,0.5,0.5,5,41,0,2,1,5,1,3,14,1,8,1,1,2,2,19,11,5,48,0.5,1,14,0.5,6,10,0,0.5,0,2,0,1,0.5,0,1,2,4,0.5,4,14,1,10,23,27,64,13
2007-09,0.0299,12,2,0.5,0.5,0.5,0,0.5,0.5,0.5,5,41,0,0.5,1,3,0.5,4,9,1,5,0.5,0.5,1,1,18,8,4,49,0.5,0.5,13,0,4,5,0,0.5,0.5,1,0,0.5,0.5,0,0.5,3,3,1,1,12,1,6,33,32,60,12
2007-10,-0.0481,14,2,0.5,0.5,0.5,0,0.5,0.5,0.5,5,64,0,0.5,1,3,0.5,5,11,1,5,0.5,0.5,1,2,25,10,3,56,0.5,0.5,13,0.5,3,6,3,0.5,0,1,0,1,1,0,1,1,2,0.5,2,16,0.5,6,36,36,60,14
2007-11,0.0124,15,2,0.5,0.5,0.5,0,0.5,0.5,0.5,4,73,0,1,1,5,1,4,13,1,6,0.5,1,2,2,24,10,2,58,0.5,0.5,14,0.5,8,8,3,0.5,1,2,1,2,0,0,1,1,3,2,2,15,1,7,40,39,55,15
2007-12,-0.0664,13,2,0.5,0.5,0.5,0,0.5,0.5,0.5,4,51,0,0.5,1,3,0.5,5,9,1,5,0.5,1,1,2,21,9,4,48,0.5,0.5,13,0,5,4,0,0.5,1,1,0,1,0,0,1,0,3,1,1,13,0.5,6,31,34,48,13
2008-01,-0.0156,16,3,0.5,0.5,0.5,0,0.5,0.5,0.5,6,53,0,2,1,6,2,6,18,1,10,2,1,3,2,28,15,7,47,0.5,1,20,1,11,10,3,1,0.5,3,1,2,0,0,1,0,6,1,3,17,1,13,48,40,67,16
2008-02,-0.0263,14,2,0.5,0.5,0.5,0,0.5,0.5,0.5,4,59,0,0.5,1,4,1,3,12,1,5,1,0.5,2,2,25,9,3,52,0.5,0.5,13,0.5,5,6,5,1,0.5,2,1,1,0.5,0,1,3,3,2,2,14,0.5,6,50,42,62,14
2008-03,0.0424,15,2,0.5,0.5,0.5,0,0.5,0.5,0.5,3,54,0,1,1,4,1,3,13,1,8,1,1,2,1,26,11,3,48,0.5,0.5,14,0.5,6,7,0,0.5,0.5,2,0,1,1,0,2,0,4,1,2,15,2,9,55,44,64,14
2008-04,0.0256,14,2,0.5,0.5,0.5,0,0.5,0.5,0.5,4,57,0,0.5,1,4,1,4,11,1,7,0.5,0.5,2,2,24,9,2,62,0.5,0.5,14,1,3,6,5,0.5,0.5,1,0,2,0.5,0,0.5,0,2,2,1,15,1,7,63,48,68,14
2008-05,-0.0425,13,1,0.5,0.5,0.5,0,0.5,0.5,0.5,3,48,0,0.5,1,3,1,2,10,0.5,5,0.5,0.5,2,2,21,7,2,44,0.5,0.5,10,0.5,5,3,5,0.5,0.5,1,0,2,0.5,0,0.5,0,2,2,1,11,1,6,61,41,67,13
2008-06,-0.0608,13,2,0.5,0.5,0.5,0,0.5,0.5,0.5,4,42,0,0.5,1,3,1,3,10,1,5,0.5,0.5,2,1,18,7,2,46,0.5,0.5,14,0,3,5,5,0.5,0.5,1,0,2,1,1,2,0,2,0.5,1,9,0.5,7,42,43,72,12
2008-07,0.0211,14,2,0.5,0.5,0.5,0,0.5,0.5,0.5,5,45,0,1,1,5,1,4,15,1,6,0.5,0.5,2,2,20,8,3,46,0.5,0.5,14,0,6,7,3,0.5,0,2,0,1,0,0,0,0,4,2,1,11,1,8,36,39,71,14
2008-08,-0.0485,11,1,0,0.5,0.5,0,0.5,0.5,0.5,2,37,0,0.5,1,3,1,2,11,1,4,0.5,0.5,1,1,15,6,3,35,0.5,0.5,12,0.5,3,4,0,0.5,1,1,1,1,0,0,0,0,2,0.5,1,9,1,4,32,34,67,11
2008-09,-0.2019,20,7,0.5,0.5,0.5,0,0.5,0.5,1,5,47,0,5,1,11,3,4,41,4,22,2,1,5,3,29,25,5,48,1,1,15,2,9,27,5,2,0,5,1,1,0.5,0,0.5,2,5,2,8,22,1,24,80,39,71,19
2008-10,-0.0861,28,18,0.5,0.5,0.5,0,0.5,0.5,4,10,57,0,11,1,35,9,7,100,10,69,5,1,9,4,45,43,10,58,4,2,30,6,14,41,7,4,1,8,3,2,1,1,1,7,10,2,15,34,2,70,100,47,69,28
2008-11,-0.0035,20,8,0.5,0.5,0.5,0.5,0.5,0.5,2,5,44,0,4,1,19,6,4,30,7,43,3,1,6,3,30,21,6,51,2,1,21,3,12,17,14,2,0.5,6,5,1,1,0,1,6,6,1,5,20,1,43,82,40,67,19
2008-12,-0.011,17,5,0.5,0.5,0.5,0,0.5,1,1,3,36,0,2,2,14,4,4,25,5,33,2,1,4,3,24,13,3,46,1,0.5,20,1,6,10,2,2,1,3,2,1,1,0,0.5,2,5,1,3,13,1,32,68,35,63,17
2009-01,-0.067,16,4,0.5,0.5,0.5,0,0.5,0.5,1,4,38,0,2,1,11,3,5,18,5,26,2,1,4,2,23,11,5,42,1,1,24,2,4,9,9,1,1,4,4,1,1,0,1,1,4,2,3,14,1,25,66,34,84,15
2009-02,-0.0569,16,6,0.5,0.5,0.5,0,0.5,0.5,1,3,41,0,2,1,15,4,4,21,5,33,2,1,4,2,24,13,6,50,1,0.5,22,1,5,9,0,2,0,4,2,1,1,1,1,2,5,1,3,15,1,32,92,40,76,16
2009-03,0.1232,20,10,0.5,0.5,0.5,0.5,0.5,0.5,2,4,39,0,3,1,19,5,5,25,10,45,3,1,5,3,32,20,5,53,2,1,27,2,6,11,8,2,0.5,4,4,1,2,0,1,9,7,1,3,19,1,44,83,43,74,20
2009-04,0.0666,17,6,0.5,0.5,0.5,0,0.5,0.5,2,3,41,0,2,1,13,4,4,18,6,27,2,0.5,5,2,26,12,4,59,2,0.5,18,0.5,6,7,4,2,1,4,1,1,0.5,0,1,1,4,2,2,13,1,27,65,39,68,17
2009-05,0.0287,15,4,0.5,0.5,0.5,0.5,0.5,0.5,1,3,38,0,1,1,10,3,3,14,5,22,2,1,4,2,24,9,4,46,1,0.5,19,1,5,6,9,2,1,3,2,1,1,0,0.5,0,5,1,2,13,1,21,61,35,72,15
2009-06,0.0128,14,4,0.5,0.5,0.5,0,0.5,0.5,1,3,35,0,1,1,9,3,3,12,5,21,2,1,3,2,20,8,4,45,1,0.5,16,1,6,5,9,1,0.5,3,1,1,1,0,0.5,2,4,3,3,11,1,20,45,35,76,14
2009-07,0.0812,12,4,0.5,0.5,0.5,0,0.5,0.5,1,2,35,0,1,1,9,2,3,11,5,22,1,1,3,2,17,7,5,53,1,0.5,19,0.5,4,5,4,1,1,2,1,1,1,0,1,2,4,2,2,8,1,21,44,28,75,12
2009-08,0.0365,13,4,0.5,0.5,0.5,0,0.5,0.5,1,2,31,0,1,1,8,2,3,11,4,20,1,1,3,2,20,7,3,39,1,0.5,18,1,3,5,2,1,0.5,2,2,1,1,0,0.5,2,4,2,1,11,0.5,19,38,28,74,13
2009-09,0.024,13,3,0.5,0.5,0.5,0,0.5,0.5,1,3,33,0,1,1,7,2,3,12,4,18,1,0.5,2,2,21,8,3,51,1,0.5,21,1,3,5,6,1,0.5,2,2,2,0,0,0,3,4,3,1,14,0,17,48,33,74,13
2009-10,0.0209,13,4,0.5,0.5,0.5,0,0.5,0.5,1,4,39,0,1,1,8,2,3,11,5,21,1,1,2,2,22,9,3,61,1,1,20,1,3,5,0,1,0.5,2,1,3,1,0,0,5,4,1,1,15,2,20,53,35,70,13
2009-11,0.0223,13,3,0.5,0.5,0.5,0,0.5,0.5,1,3,39,0,1,1,7,2,2,9,5,20,1,1,3,2,19,8,1,59,1,1,16,0.5,3,4,6,1,0,3,1,2,0.5,0,1,1,4,2,1,12,2,18,55,36,67,13
2009-12,0.0136,12,3,0.5,0.5,0.5,0,0.5,0.5,1,3,40,0,1,2,6,2,2,8,4,16,1,1,2,1,19,7,3,47,1,2,16,0.5,3,3,8,1,0.5,2,1,1,0.5,0,0,0,3,1,1,11,1,16,41,32,60,12
2010-01,-0.029,13,3,0.5,0.5,0.5,0,0.5,0.5,1,7,44,0,1,1,6,2,3,8,5,16,1,1,3,2,22,8,3,42,1,2,17,0.5,3,4,6,1,1,3,1,3,2,0,1,4,3,1,2,14,2,16,40,33,78,12
2010-02,0.0594,13,3,0.5,0.5,0.5,0,0.5,0.5,2,4,41,0,0.5,1,6,2,3,8,5,18,1,1,3,2,21,8,3,54,1,3,15,0.5,3,4,2,1,0.5,3,1,2,2,0,1,3,3,1,2,13,1,17,53,36,71,13
2010-03,0.0409,14,3,0.5,0.5,0.5,0,0.5,0.5,1,4,41,0,1,1,5,2,3,7,5,18,1,1,2,1,24,9,3,53,1,2,13,0.5,3,4,10,1,0,3,0.5,2,1,0,0.5,1,3,1,2,15,1,16,51,36,72,13
2010-04,-0.0588,14,3,0.5,0.5,0.5,0,0.5,0.5,1,8,43,0,1,1,6,2,3,8,6,18,1,1,2,2,22,9,2,60,1,3,14,0.5,3,4,8,1,0.5,2,1,3,1,0,0.5,1,3,1,2,14,1,17,56,36,73,14
2010-05,-0.0354,14,4,0.5,0.5,0.5,0,0.5,0.5,3,6,45,0,2,1,10,3,3,8,10,26,2,1,5,2,19,13,3,59,3,5,14,1,6,8,9,2,0.5,5,0.5,3,2,0,0.5,3,7,2,5,15,4,25,52,34,74,14
2010-06,-0.0016,12,3,0.5,0.5,1,0,2,0.5,2,6,40,1,1,1,8,3,2,8,6,19,2,1,4,2,15,7,2,50,2,3,10,0.5,4,4,11,2,0.5,3,0.5,1,2,0,1,3,4,1,2,9,1,17,36,27,76,12
2010-07,0.0086,11,3,0.5,0.5,1,0,3,0.5,2,5,41,1,1,1,7,2,2,7,5,12,1,1,3,2,12,6,1,43,2,2,11,1,3,3,8,1,0.5,2,1,2,1,0,0.5,3,4,1,2,8,2,11,32,24,71,11
2010-08,0.0337,11,3,0.5,0.5,0.5,0,1,0.5,1,3,37,0.5,1,1,7,2,1,6,4,9,1,0.5,3,1,13,5,1,43,1,2,9,0.5,4,3,10,1,0,2,0.5,3,1,0,0.5,1,4,1,2,8,0.5,9,39,25,69,11
2010-09,0.0458,10,2,0.5,0.5,0.5,0,1,0.5,1,4,40,0.5,1,1,6,2,3,7,3,8,1,1,3,1,16,6,3,47,1,2,11,0.5,3,4,11,1,1,2,0.5,1,1,0,0.5,1,3,1,1,12,1,9,43,28,66,10
2010-10,0.0249,12,2,0.5,0.5,0.5,0,1,0.5,1,6,51,0.5,1,1,6,1,2,7,3,8,1,1,2,1,19,8,3,49,1,2,12,0.5,3,3,4,1,0.5,2,0,2,1,0,0.5,2,3,1,2,14,1,8,46,34,63,11
2010-11,0.0371,12,2,0.5,0.5,0.5,0,1,0.5,1,4,44,0.5,1,1,6,2,2,6,3,9,1,0.5,3,1,18,8,1,48,1,2,9,0.5,5,4,11,1,1,3,0.5,2,0.5,0,0.5,5,3,1,2,13,0.5,9,48,40,61,12
2010-12,0.0346,12,2,0.5,0.5,0.5,0,1,0.5,1,4,44,0.5,0.5,2,5,1,2,5,3,8,1,1,2,1,18,8,1,43,1,2,9,0.5,2,3,5,1,1,2,1,2,1,0.5,0.5,0,3,1,2,11,1,8,37,31,52,11
2011-01,0.0315,15,2,0.5,0.5,0.5,0,1,0.5,1,10,62,0.5,0.5,2,5,1,3,5,3,8,1,1,3,2,24,10,3,42,1,2,11,0.5,4,3,7,1,1,3,0,4,1,0,1,2,3,1,2,17,1,8,29,29,73,14
2011-02,-0.0111,15,2,0.5,0.5,0.5,0,1,0.5,1,7,61,0.5,0.5,2,6,2,3,6,3,10,1,1,3,2,25,11,2,48,1,3,11,0.5,4,4,8,1,2,3,0.5,4,1,0,1,2,3,1,2,18,1,10,35,35,68,14
2011-03,0.0222,15,3,0.5,0.5,0.5,0.5,1,0.5,1,8,59,0.5,1,2,6,2,2,6,4,13,1,1,4,2,24,11,2,49,1,3,11,1,4,5,8,1,1,3,1,3,1,0,1,1,4,1,3,19,2,12,36,32,70,15
2011-04,0.0066,13,2,0.5,0.5,0.5,0,1,0.5,1,6,63,0.5,0.5,2,5,2,3,6,3,10,1,1,3,2,22,9,2,54,1,2,10,0.5,3,4,6,1,2,2,0.5,2,1,0,0.5,2,4,2,2,15,1,10,37,39,69,13
2011-05,-0.0366,12,2,0.5,0.5,0.5,0.5,1,0.5,1,4,59,0.5,1,2,5,2,2,5,3,9,1,1,3,1,19,7,2,41,1,2,9,0.5,3,3,2,1,1,2,0.5,2,0.5,0,0.5,1,3,1,1,11,1,8,30,30,73,12
2011-06,0.031,11,2,0.5,0.5,0.5,0.5,1,0.5,1,5,59,0.5,0.5,2,6,2,2,5,4,10,1,1,3,2,16,7,1,42,1,2,11,1,4,4,10,1,1,3,0,2,0.5,0,1,1,3,1,2,10,1,10,26,25,77,11
2011-07,-0.104,12,2,0.5,0.5,0.5,0,0.5,0.5,1,6,68,0.5,1,2,6,2,2,5,4,10,1,1,4,2,17,7,2,40,1,3,11,1,4,4,5,1,1,3,0.5,2,1,0,0.5,0,4,1,3,11,1,10,26,25,73,11
2011-08,-0.0079,17,11,0.5,0.5,0.5,0.5,1,0.5,4,14,70,0.5,5,3,19,7,3,11,13,36,5,2,9,4,26,22,3,42,4,10,18,3,6,14,12,5,2,8,1,3,3,0,1,4,10,1,13,20,5,33,30,25,77,17
2011-09,0.0302,12,5,0.5,0.5,0.5,0,0.5,0.5,2,7,65,0.5,1,3,9,4,2,6,6,16,3,1,6,2,18,10,2,42,2,4,12,1,5,5,6,3,1,4,0,2,1,0,1,2,6,1,4,12,2,15,33,27,72,12
2011-10,0.0177,14,4,0.5,0.5,0.5,0.5,1,0.5,1,19,72,0.5,1,3,8,3,2,6,5,13,2,1,5,3,20,11,2,52,1,3,14,1,5,5,6,2,1,4,0.5,4,1,0,0.5,2,5,1,3,15,1,13,34,28,69,13
2011-11,0.0155,13,4,0.5,0.5,0.5,0,1,0.5,1,6,70,0.5,1,3,8,3,2,6,4,13,2,1,6,2,18,10,2,50,1,2,11,1,4,5,7,2,1,4,1,2,1,0,0.5,2,6,1,3,13,1,13,35,28,64,12
2011-12,0.0478,12,3,0.5,0.5,0.5,0,0.5,0.5,1,4,70,0.5,1,3,6,3,2,5,3,9,2,1,5,2,18,9,2,41,1,2,11,1,3,4,5,2,1,3,0.5,2,1,0,0.5,1,4,2,2,12,1,9,28,25,55,11
2012-01,0.0416,13,2,0.5,0.5,0.5,0,1,0.5,1,7,76,0.5,1,2,5,2,2,6,2,7,2,1,4,2,20,9,2,40,1,2,14,0.5,3,4,8,2,1,3,0.5,3,1,0.5,0.5,1,3,2,2,13,1,7,27,25,71,12
2012-02,0.0288,15,2,0.5,0.5,0.5,0,1,0.5,1,11,70,0.5,1,3,5,2,3,5,3,8,1,1,4,2,23,10,3,48,1,2,12,1,3,3,8,1,1,3,0.5,4,2,0,1,1,3,2,2,16,1,8,30,28,64,14
2012-03,-0.0004,13,2,0.5,0.5,0.5,0.5,1,0.5,1,14,71,0.5,0.5,3,4,2,2,5,3,9,1,1,4,2,20,9,3,43,1,1,13,1,3,3,8,2,2,3,0.5,4,0.5,0,1,1,3,2,2,13,2,8,27,28,64,13
2012-04,-0.0309,13,2,0.5,0.5,0.5,0,1,0.5,1,14,74,0.5,0.5,3,4,2,2,5,3,9,1,1,4,2,18,8,2,51,1,1,14,0.5,2,3,5,1,1,3,0.5,5,1,0,0.5,2,4,2,2,11,2,9,31,29,68,12
2012-05,-0.0115,16,2,0.5,0.5,0.5,0,1,0.5,1,11,74,0.5,0.5,3,4,2,2,5,3,10,1,2,4,2,19,9,2,41,1,2,12,1,2,4,7,2,1,3,0,4,1,0,1,2,4,2,2,11,1,9,28,26,70,15
2012-06,0.0292,12,3,0.5,0.5,0.5,0,1,0.5,1,7,68,0.5,0.5,2,5,2,2,4,3,10,1,1,4,2,14,7,1,36,1,3,12,0.5,3,4,7,1,1,3,0.5,3,0.5,0.5,1,3,4,3,2,7,2,10,24,22,71,11
2012-07,0.0339,12,2,0.5,0.5,0.5,0,1,0.5,1,8,63,0.5,0.5,2,4,2,2,4,2,7,1,1,3,2,14,6,1,33,1,2,11,0.5,2,2,5,1,1,2,0.5,3,0.5,1,0.5,2,3,2,2,7,1,7,22,20,70,11
2012-08,0.0302,12,2,0.5,0.5,0.5,0,1,0.5,1,10,64,0.5,0.5,2,4,1,2,5,2,5,1,1,3,2,14,5,2,33,1,1,12,1,3,3,5,1,1,2,1,4,1,1,0.5,2,2,2,1,7,2,6,23,20,73,11
2012-09,-0.0022,12,2,0.5,0.5,0.5,0,1,0.5,1,16,67,0.5,1,3,4,1,2,4,2,5,1,1,3,2,17,7,3,42,1,1,11,1,4,3,6,1,2,2,1,5,1,1,0.5,1,3,3,1,11,1,6,31,28,69,12
2012-10,-0.0284,13,2,0.5,0.5,0.5,0,1,0.5,1,13,78,0.5,1,3,5,1,2,5,2,8,1,1,3,2,17,9,1,45,1,1,12,0.5,3,4,8,1,1,2,1,4,1,2,1,2,3,2,2,11,2,8,33,31,69,12
2012-11,0.0218,14,4,0.5,0.5,0.5,0,1,0.5,1,12,69,0.5,1,3,6,2,2,5,3,12,1,1,4,2,18,11,2,43,1,2,12,0.5,2,7,8,2,2,3,0.5,5,1,2,1,1,3,2,2,13,2,12,32,27,62,12
2012-12,0.0427,12,2,0.5,0.5,0.5,0,1,0.5,1,11,70,0.5,1,3,5,2,2,4,2,9,1,1,3,2,16,7,1,35,1,1,11,2,3,4,8,1,2,2,1,5,1,1,1,1,4,2,2,9,1,8,26,24,52,11
2013-01,0.0233,15,3,0.5,0.5,0.5,0.5,1,0.5,1,20,72,0.5,0.5,4,5,2,2,5,2,13,1,1,4,3,20,9,2,35,1,1,17,2,4,4,9,1,3,3,1,7,1,1,1,3,4,1,2,12,2,13,24,26,71,13
2013-02,0.0272,15,3,0.5,0.5,1,0,2,0.5,1,12,73,0.5,1,3,5,1,2,5,2,14,1,1,3,3,20,9,1,42,1,1,13,0.5,3,4,10,1,2,2,0.5,4,1,2,1,2,2,3,2,14,3,13,30,32,65,13
2013-03,0.0145,14,3,0.5,0.5,0.5,0,1,0.5,1,10,66,0.5,1,3,5,2,2,6,2,17,1,1,3,3,19,9,2,40,1,1,13,1,2,4,7,1,3,2,1,4,1,1,1,3,3,2,2,14,1,16,27,30,63,13
2013-04,0.0457,14,3,0.5,0.5,1,0,3,0.5,1,12,68,1,1,3,5,2,2,6,2,18,1,1,3,3,18,9,2,45,1,1,14,1,3,5,7,1,3,2,1,5,2,1,1,5,3,2,2,12,1,16,29,35,69,13
2013-05,-0.0112,15,3,0.5,0.5,4,0,12,0.5,1,10,69,4,1,3,5,2,2,5,2,19,1,1,3,4,18,8,2,36,1,1,14,1,2,5,3,1,3,2,1,5,1,2,1,5,3,5,2,12,2,17,26,29,69,14
2013-06,0.0325,13,4,0.5,0.5,3,0.5,8,0.5,1,8,61,3,1,3,6,2,2,6,2,19,2,1,4,4,15,8,1,31,1,2,14,1,3,6,6,2,4,3,2,5,1,2,2,2,3,3,1,9,2,18,19,21,71,12
2013-07,0.0025,14,3,0.5,0.5,3,0,10,0.5,1,8,64,3,1,3,5,2,2,5,1,18,1,1,4,3,15,7,2,31,1,1,15,1,2,3,2,1,5,3,1,7,2,3,1,2,3,3,1,9,2,17,19,20,72,13
2013-08,0.0119,14,3,0.5,0.5,5,0.5,15,0.5,1,10,60,4,1,3,5,2,2,5,1,19,1,2,4,3,15,7,3,31,1,2,14,0.5,2,4,7,2,4,2,0.5,7,1,2,1,2,3,3,2,9,2,17,19,20,70,13
2013-09,0.0212,15,3,0.5,0.5,4,0,10,0.5,1,15,66,4,1,3,5,2,3,5,1,19,1,1,4,3,19,10,3,40,1,2,14,1,2,5,2,2,3,2,2,7,1,1,1,3,3,4,2,14,2,17,27,26,69,14
2013-10,0.0386,17,4,0.5,0.5,5,0,13,0.5,1,12,91,5,1,4,6,2,4,5,2,24,2,1,5,4,21,12,4,45,1,3,18,1,3,7,11,2,4,3,2,7,2,2,1,3,5,4,2,17,2,21,30,33,68,16
2013-11,0.0152,17,3,0.5,0.5,5,0,17,1,1,9,78,6,0.5,5,5,1,3,5,2,19,1,1,3,4,20,10,3,43,1,2,15,0.5,3,5,7,1,4,2,1,5,2,1,2,3,3,5,2,16,2,18,27,32,60,15
2013-12,0.0097,17,3,0.5,0.5,3,0,10,1,1,9,75,4,1,7,5,1,3,5,2,18,1,2,4,3,20,9,3,35,1,2,15,1,2,4,5,1,4,2,0.5,6,2,1,1,3,3,4,1,14,1,17,24,31,55,15
2014-01,-0.0013,18,4,0.5,0.5,3,0,9,0.5,1,9,79,4,1,5,6,2,4,6,3,18,2,1,4,4,25,11,5,33,1,4,19,1,3,5,3,2,5,3,1,6,1,2,2,4,3,4,2,16,2,17,23,29,73,17
2014-02,0.0272,18,4,0.5,0.5,6,0.5,17,0.5,1,9,84,7,1,6,6,2,4,7,2,22,2,2,4,4,24,11,5,41,1,4,21,1,3,6,6,2,6,3,1,7,2,3,2,6,3,4,2,19,2,20,28,33,67,17
2014-03,0.002,17,3,0.5,0.5,5,0.5,12,0.5,1,7,81,6,1,5,5,2,4,7,2,21,1,2,4,4,25,10,4,38,1,4,23,1,3,6,12,2,7,3,0.5,5,2,1,2,2,4,4,1,17,2,19,26,34,67,16
2014-04,0.0153,17,3,0.5,0.5,4,0.5,10,0.5,1,11,89,4,1,6,5,2,4,6,3,22,1,2,4,5,20,11,6,42,1,4,20,0.5,4,5,8,2,5,3,1,6,2,3,1,3,4,5,2,14,2,20,28,38,71,16
2014-05,0.032,16,3,0.5,0.5,3,0.5,11,0.5,1,12,84,5,1,4,5,1,3,6,2,19,1,2,3,3,18,8,5,35,1,4,18,0.5,4,4,9,2,5,2,1,7,2,2,2,4,3,4,1,12,2,18,26,36,72,15
2014-06,0.015,16,3,0.5,0.5,3,0.5,8,0.5,1,24,70,4,1,5,5,1,3,5,1,19,1,1,3,4,16,7,4,34,1,4,18,1,4,4,15,2,6,2,1,10,2,5,3,4,2,4,1,10,3,17,20,24,73,15
2014-07,-0.0043,16,3,0.5,0.5,3,0,8,0.5,1,13,63,4,1,5,5,1,3,7,2,19,1,2,3,4,16,8,3,31,1,5,19,1,5,5,8,2,6,2,0.5,11,2,2,2,1,3,5,1,9,3,18,17,23,76,14
2014-08,0.0178,14,3,0.5,0.5,3,0.5,9,0.5,1,12,59,4,1,4,6,2,3,5,1,21,1,2,4,5,15,7,4,29,1,5,21,1,3,5,7,2,7,3,2,9,3,3,2,2,3,4,2,9,2,20,19,22,70,13
2014-09,-0.0265,16,3,0.5,0.5,3,0,10,0.5,1,30,57,4,1,5,5,1,3,5,2,19,1,2,3,4,17,8,4,45,1,5,21,1,3,5,9,1,6,2,1,13,2,2,2,3,3,6,2,13,2,17,28,30,69,15
2014-10,0.0571,18,6,0.5,0.5,4,0,9,0.5,1,17,58,4,2,6,8,2,5,8,4,35,2,2,5,6,20,14,6,41,2,8,27,2,5,9,7,3,7,3,2,10,3,5,4,3,5,5,2,17,4,32,29,36,66,16
2014-11,0.0063,16,4,0.5,0.5,2,0.5,7,0.5,1,13,53,3,2,5,5,2,4,6,2,24,1,2,4,5,19,10,4,41,1,5,21,1,3,5,6,2,6,3,2,11,3,2,3,7,3,5,1,14,1,22,28,34,61,15
2014-12,-0.0111,17,5,0.5,0.5,3,0.5,7,0.5,1,12,50,3,1,6,7,2,4,6,3,28,2,3,5,6,22,12,6,34,1,7,25,1,4,6,11,2,8,3,3,11,2,3,3,3,4,3,2,16,2,25,26,31,57,16
2015-01,0.0283,18,5,0.5,0.5,3,0.5,6,0.5,1,13,49,3,2,6,7,2,5,7,3,28,2,2,5,6,22,12,6,36,2,7,27,1,4,6,14,2,9,3,1,11,3,5,3,3,4,4,2,16,2,26,28,34,70,16
2015-02,0.0006,18,4,0.5,0.5,3,0.5,8,0.5,1,16,49,3,1,6,6,2,5,6,2,24,1,2,4,7,22,11,7,41,1,7,24,1,4,4,12,2,9,3,1,11,3,4,3,3,3,7,2,18,2,22,28,35,64,17
2015-03,0.0088,17,5,0.5,0.5,3,0,7,0.5,1,16,47,2,2,4,7,2,5,7,2,26,2,2,4,6,21,11,9,40,1,7,24,2,4,6,16,2,9,3,1,11,4,1,3,4,3,5,2,16,2,24,28,36,68,17
2015-04,0.0098,18,4,0.5,0.5,3,0.5,8,0.5,1,16,48,3,1,6,6,2,6,6,3,26,1,3,4,7,20,11,7,45,2,8,23,2,4,5,11,2,9,3,2,14,3,1,4,6,4,5,2,17,2,24,30,39,70,17
2015-05,-0.0044,16,4,0.5,0.5,5,0,9,0.5,1,13,45,4,1,5,6,1,4,5,2,23,1,2,4,6,17,9,5,33,1,7,19,1,4,4,7,2,9,3,2,11,3,1,3,4,3,5,2,13,2,21,27,36,70,15
2015-06,-0.0008,17,5,0.5,0.5,3,0,6,0.5,2,11,38,2,2,4,7,2,5,6,2,27,1,2,4,7,16,9,6,35,2,8,20,1,4,7,10,2,8,3,1,11,3,2,2,5,4,5,2,11,3,25,22,24,75,16
2015-07,-0.0242,19,6,0.5,0.5,4,0,8,0.5,2,14,44,3,2,9,8,3,8,8,4,33,2,3,7,7,17,15,10,32,2,10,25,2,6,14,6,4,11,5,1,14,4,3,4,6,6,6,3,11,3,31,23,24,71,18
2015-08,-0.0451,23,12,0.5,0.5,5,0,9,0.5,5,24,47,4,6,8,16,6,11,12,10,75,5,4,9,9,22,26,8,31,6,14,31,3,7,30,16,7,13,9,3,24,7,4,6,8,8,6,11,22,9,70,26,23,72,22
2015-09,0.0432,20,11,0.5,0.5,3,0,7,0.5,7,18,44,3,4,6,15,6,10,14,6,77,5,4,9,10,18,17,7,41,7,12,24,6,8,20,6,7,12,8,5,16,6,3,4,9,8,4,7,17,5,72,32,34,68,19
2015-10,0.0293,19,6,0.5,0.5,4,0.5,7,0.5,5,14,46,3,2,9,9,3,6,16,3,33,3,3,7,8,18,13,6,41,5,8,21,1,6,8,9,4,9,5,1,15,5,2,5,8,5,6,3,17,4,34,30,36,64,18
2015-11,-0.011,18,4,0.5,0.5,3,0.5,6,0.5,2,11,42,3,2,9,7,3,5,13,3,30,2,2,5,7,18,11,7,39,2,5,20,1,4,6,16,3,8,4,2,13,4,2,3,8,4,6,2,15,4,29,29,37,59,16
2015-12,-0.0642,18,5,0.5,0.5,2,0,4,0.5,2,10,38,2,2,10,8,3,6,14,3,29,2,2,5,8,18,11,6,32,2,7,21,1,4,7,10,3,10,4,2,12,3,3,4,5,4,5,3,13,4,28,26,37,55,16
2016-01,-0.0055,24,10,0.5,0.5,3,0.5,5,0.5,5,20,38,3,9,11,20,7,8,36,7,69,6,3,11,15,23,23,9,30,5,12,30,6,8,25,9,8,12,10,8,23,7,4,9,15,10,7,8,19,7,68,28,31,69,22
2016-02,0.0636,24,8,0.5,0.5,5,0.5,9,0.5,5,14,44,5,6,10,17,6,8,32,5,51,4,3,11,12,22,17,10,41,5,9,25,9,6,14,12,7,10,8,7,20,5,3,8,8,9,7,5,18,5,53,31,37,69,22
2016-03,0.0283,22,7,0.5,0.5,4,0.5,8,0.5,4,13,37,4,4,8,13,4,6,26,4,42,3,3,8,11,20,13,8,37,4,6,23,3,6,7,15,5,11,6,3,19,5,3,7,7,6,7,4,15,6,46,27,36,65,20
2016-04,-0.003,22,5,0.5,0.5,7,0.5,12,0.5,3,17,38,6,3,9,10,3,5,22,3,36,2,3,7,10,20,11,7,42,3,5,22,2,4,6,16,4,9,4,2,19,5,1,6,8,6,8,3,14,5,39,29,38,64,20
2016-05,0.0107,21,5,0.5,0.5,4,0,8,0.5,2,19,35,4,3,11,9,3,4,19,3,37,2,2,6,9,18,10,6,32,2,5,21,2,5,6,10,3,7,4,3,23,3,2,5,7,5,7,3,12,5,39,27,33,69,20
2016-06,0.033,22,8,0.5,0.5,4,0.5,9,0.5,3,12,33,5,5,9,15,6,8,33,4,60,5,3,10,13,18,14,7,31,3,8,26,15,8,12,14,7,14,8,6,21,5,4,8,9,9,8,6,12,11,59,22,22,71,20
2016-07,0.012,22,6,0.5,0.5,4,0.5,8,0.5,3,11,32,4,4,10,12,5,5,24,3,41,3,2,8,11,18,10,7,26,3,7,25,6,6,7,9,5,10,5,4,21,4,3,7,7,7,10,4,10,8,42,17,20,67,20
2016-08,-0.0044,21,5,0.5,0.5,3,0,7,0.5,3,10,30,3,3,8,9,3,5,22,2,27,2,2,7,9,16,9,8,25,3,4,23,2,4,5,4,4,11,4,3,21,3,3,4,5,5,7,3,8,8,28,19,20,69,19
2016-09,-0.0051,20,4,0.5,0.5,3,0,7,0.5,2,18,30,4,3,9,8,4,4,19,3,26,2,2,6,9,17,10,6,35,2,4,19,2,4,6,14,4,9,4,2,21,4,2,6,6,5,7,4,11,8,26,25,29,66,18
2016-10,0.012,20,4,0.5,0.5,4,0.5,8,0.5,2,12,32,4,3,11,7,3,4,18,2,24,2,2,5,8,18,10,6,37,2,4,18,2,4,6,10,3,8,4,2,20,3,1,4,8,5,9,3,12,5,24,25,33,63,19
2016-11,0.0395,26,9,0.5,0.5,4,0.5,8,0.5,3,11,34,5,14,13,14,12,9,30,6,48,7,5,11,12,26,24,9,39,4,5,29,45,9,15,18,8,11,12,17,19,5,3,7,9,12,11,14,21,10,46,27,36,60,24
2016-12,0.0144,23,6,0.5,0.5,3,0.5,7,1,4,9,27,4,8,11,11,3,9,29,4,30,2,4,6,11,23,12,9,31,4,6,28,3,4,6,12,4,12,5,3,16,5,3,7,12,5,11,4,14,7,35,22,34,54,21
2017-01,0.0258,23,7,0.5,0.5,4,0.5,8,0.5,5,10,30,5,9,12,12,3,11,29,3,28,2,5,6,11,26,13,11,29,5,6,28,4,5,6,7,4,13,5,5,18,6,2,9,8,6,14,5,16,9,31,22,31,70,21
2017-02,0.0175,27,6,0.5,0.5,5,0,12,0.5,5,18,28,7,9,14,11,3,12,28,3,26,2,4,6,11,26,13,11,41,5,7,33,3,5,7,15,4,14,4,4,24,7,2,11,8,5,12,4,19,6,28,25,36,62,25
2017-03,-0.0015,28,6,0.5,0.5,5,0.5,8,1,5,15,28,6,11,14,12,4,12,30,3,31,2,5,7,12,25,14,11,41,5,8,36,3,5,8,16,4,15,5,4,27,9,2,9,10,6,12,5,19,5,34,25,38,68,26
2017-04,0.0169,25,5,0.5,0.5,7,0.5,12,0.5,4,11,29,8,12,18,10,3,11,23,3,33,2,4,6,11,22,12,10,43,4,7,29,3,4,6,19,4,13,4,3,20,6,2,7,6,6,14,4,17,6,35,24,36,65,23
2017-05,0.0178,26,6,0.5,0.5,7,0.5,14,0.5,4,19,31,9,12,22,11,4,13,27,3,34,3,5,7,11,21,11,11,35,4,8,32,3,6,7,14,4,14,5,3,31,8,1,10,9,6,15,4,15,9,36,22,34,69,24
2017-06,0.0099,26,6,0.5,0.5,8,0.5,15,0.5,6,16,27,10,12,34,11,4,18,29,3,30,2,8,7,12,22,11,16,31,6,9,34,2,7,7,17,4,16,5,1,34,10,1,11,14,6,21,5,12,5,31,17,24,72,25
2017-07,0.0025,25,5,0.5,0.5,9,0.5,16,0.5,5,11,27,11,11,32,9,3,15,26,3,23,2,7,7,11,20,10,13,30,5,7,33,2,7,7,12,3,14,5,1,27,9,2,9,7,5,31,4,11,8,23,14,23,71,23
2017-08,0.0165,26,7,0.5,0.5,7,0.5,12,0.5,7,19,25,9,13,27,12,4,18,34,4,27,3,8,8,12,21,12,13,29,8,8,39,2,9,9,13,4,15,5,3,47,11,2,11,7,6,23,5,12,13,30,17,23,73,25
2017-09,0.0273,24,5,0.5,0.5,5,0.5,7,0.5,5,20,24,5,9,18,9,3,15,24,3,26,2,6,6,11,20,10,9,38,5,7,32,3,7,7,14,4,15,4,2,36,8,2,8,10,5,18,4,12,7,27,22,30,67,22
2017-10,0.0159,29,6,0.5,0.5,6,0.5,9,0.5,5,16,30,6,12,27,10,3,16,27,4,30,2,6,6,11,27,13,11,40,6,8,37,3,6,8,20,4,14,4,3,27,8,4,10,10,5,24,5,17,6,32,24,36,67,25
2017-11,0.0288,29,6,0.5,0.5,10,0.5,14,0.5,5,21,27,9,9,31,10,3,17,23,4,29,2,6,6,12,26,14,12,41,6,8,36,3,6,7,20,4,13,4,3,38,10,2,9,10,5,23,5,18,6,31,23,37,61,27
2017-12,0.0486,28,7,0.5,0.5,6,0.5,8,0.5,7,16,26,5,10,25,12,4,18,24,4,27,3,8,8,13,31,14,12,32,8,12,38,3,9,9,20,5,16,6,3,35,12,2,11,10,6,26,6,20,5,28,20,35,55,26
2018-01,-0.0289,35,9,0.5,0.5,6,0.5,8,0.5,13,19,28,6,13,37,15,5,23,31,6,38,4,12,9,17,35,18,15,32,13,17,50,5,9,13,12,7,21,8,6,39,18,2,16,14,8,34,8,22,8,40,21,34,71,33
2018-02,0.0006,39,26,0.5,0.5,7,0.5,9,0.5,27,26,33,7,33,54,34,14,29,51,20,100,10,15,18,28,36,37,17,41,28,39,69,15,14,28,27,14,27,16,18,48,24,5,21,35,15,34,20,29,43,95,25,44,66,37
2018-03,-0.0166,33,18,0.5,0.5,7,0.5,11,0.5,24,16,27,9,21,44,25,9,23,38,8,72,8,12,13,21,28,21,18,36,24,27,42,10,12,22,27,10,21,11,10,32,18,2,16,24,11,29,11,19,12,69,22,37,65,31
2018-04,0.0196,31,19,0.5,0.5,9,0.5,16,0.5,25,15,31,12,22,51,25,11,22,38,7,71,8,12,14,20,24,18,17,41,24,24,44,11,16,20,16,12,20,12,11,35,19,2,15,22,12,30,11,18,11,69,24,39,70,29
2018-05,0.0211,29,13,0.5,0.5,9,0.5,17,0.5,20,19,26,11,15,32,18,6,18,29,5,49,5,9,10,16,21,13,13,31,19,18,37,6,11,12,13,7,16,8,6,34,15,2,13,24,8,27,8,12,5,49,22,37,71,27
2018-06,0.0158,30,14,0.5,0.5,9,0.5,17,0.5,19,12,21,10,15,34,18,7,18,28,5,48,6,9,11,17,22,13,19,28,19,19,34,7,13,15,19,8,20,9,6,28,16,3,13,18,8,30,7,12,9,48,17,27,72,28
2018-07,0.0245,31,13,0.5,0.5,9,0.5,19,0.5,18,13,28,11,14,47,17,7,17,24,5,47,6,11,11,16,21,13,19,27,17,17,37,7,14,14,12,8,18,9,7,24,16,3,13,19,8,33,7,12,6,48,16,29,73,29
2018-08,0.0168,34,13,0.5,0.5,20,0.5,37,0.5,18,28,25,25,14,44,17,6,19,25,5,48,5,11,10,17,25,14,21,29,17,18,33,6,11,14,10,7,21,8,6,39,22,3,16,20,8,33,7,13,8,49,18,30,76,32
2018-09,-0.0385,35,11,0.5,0.5,24,9,29,0.5,14,24,25,18,11,44,13,5,17,21,4,35,4,10,9,14,27,13,18,37,14,14,30,5,11,13,18,6,21,7,4,32,19,2,12,16,7,29,6,17,7,37,24,36,70,34
2018-10,-0.0208,38,19,0.5,0.5,21,6,36,0.5,21,21,32,23,21,59,25,10,30,36,10,63,8,15,15,24,29,25,25,39,22,21,44,10,19,38,26,11,26,13,11,30,24,6,24,24,12,30,12,24,17,62,26,39,70,35
2018-11,-0.0556,33,18,0.5,0.5,8,4,14,0.5,20,29,26,9,20,50,22,9,23,29,8,56,7,12,13,20,23,20,24,38,21,20,36,10,18,25,22,9,24,12,11,37,20,4,19,22,11,24,10,18,9,56,23,38,61,30
2018-12,0.0174,33,28,0.5,0.5,7,3,12,0.5,27,23,25,8,33,44,34,16,24,35,18,70,12,15,21,27,27,34,25,30,28,30,40,14,21,39,15,16,30,18,15,30,27,7,21,26,17,25,18,22,13,69,22,35,56,30
2019-01,0.0583,34,23,0.5,0.5,10,3,18,0.5,28,32,25,11,27,42,29,13,21,32,10,61,9,13,18,24,27,20,23,29,28,27,38,13,18,23,14,13,30,13,10,33,25,2,20,21,13,24,13,17,8,63,22,34,74,31
2019-02,0.0195,32,18,0.5,0.5,7,6,16,0.5,21,17,28,10,19,36,21,9,17,26,6,51,7,11,12,20,26,16,21,36,21,22,33,10,11,16,19,9,28,11,12,23,23,4,16,21,9,24,10,18,7,51,24,39,70,30
2019-03,0.0372,33,17,0.5,0.5,12,9,25,0.5,20,19,24,13,17,32,19,7,16,24,6,46,6,11,12,20,25,15,21,34,20,18,33,9,11,15,17,9,26,10,8,21,21,4,18,17,9,23,9,16,8,47,23,39,66,31
2019-04,-0.0153,35,16,0.5,0.5,13,6,29,0.5,19,19,26,14,15,39,18,7,17,23,6,43,5,12,11,22,24,15,22,39,19,19,38,7,10,13,20,9,29,10,7,24,24,5,18,18,8,29,8,15,8,45,24,41,67,32
2019-05,0.014,34,21,0.5,0.5,17,6,33,0.5,22,20,26,17,19,38,24,11,19,25,7,52,8,13,16,24,23,18,20,29,24,24,40,10,14,23,22,13,31,13,10,29,23,7,21,23,13,26,14,15,14,52,22,38,71,32
2019-06,0.0383,31,18,0.5,0.5,13,5,24,1,21,14,23,14,16,31,20,10,17,23,6,45,7,13,14,22,21,14,20,26,21,21,39,9,14,16,17,10,31,10,9,23,23,4,19,21,11,29,9,11,7,46,16,28,72,30
2019-07,-0.0313,32,17,0.5,0.5,12,6,22,0.5,19,15,22,14,14,34,19,9,18,21,6,42,7,14,12,22,21,13,18,26,20,20,38,7,12,14,10,10,28,10,9,27,22,8,18,21,9,34,8,11,8,44,16,29,75,30
2019-08,0.0309,35,28,0.5,0.5,7,4,12,0.5,27,17,20,9,24,33,31,15,18,31,15,55,13,16,20,28,23,23,21,25,29,30,40,12,17,33,17,16,34,15,14,30,27,14,23,28,16,33,16,15,17,58,20,27,78,32
2019-09,0.0001,29,18,0.5,0.5,6,4,9,0.5,20,16,20,7,16,23,20,11,14,21,6,38,8,12,14,20,20,14,17,35,21,21,34,9,14,18,14,11,23,11,9,23,22,7,16,24,12,27,9,13,8,41,23,33,100,27
2019-10,0.0443,31,18,0.5,0.5,11,4,19,0.5,21,18,23,12,16,30,21,9,13,21,7,39,8,14,14,22,21,16,17,36,22,24,35,8,10,19,23,9,28,10,10,30,24,4,20,20,11,37,9,15,8,41,23,37,67,28
2019-11,0.0247,32,16,0.5,0.5,13,5,17,0.5,19,18,18,11,13,24,17,7,12,18,6,31,6,13,11,20,22,15,16,35,19,20,33,6,8,14,24,8,27,9,7,28,22,10,18,17,9,32,8,14,8,33,22,38,62,29
2019-12,0.0335,30,17,0.5,0.5,13,6,18,0.5,20,19,17,12,13,26,17,8,13,18,7,30,6,14,12,21,23,15,16,29,20,22,37,7,9,16,15,8,34,11,7,29,25,9,19,19,10,31,8,14,9,34,20,35,59,28
2020-01,0.0012,37,19,0.5,0.5,29,11,43,0.5,23,27,22,35,14,35,20,11,15,20,9,37,8,16,18,24,31,19,18,29,24,24,42,9,14,21,19,12,41,14,10,43,25,11,22,21,13,46,10,20,12,39,20,33,75,34
2020-02,-0.1892,47,31,0.5,0.5,66,9,78,0.5,32,34,26,66,25,47,32,20,19,29,27,47,16,23,27,33,38,36,22,39,33,36,52,16,22,33,29,21,53,22,15,48,34,14,35,33,22,68,21,32,24,50,26,39,69,46
2020-03,0.0432,87,100,0.5,1,52,6,49,1,100,63,31,46,100,100,100,100,32,65,100,93,100,37,100,100,88,100,34,41,100,100,93,100,54,100,100,100,100,100,100,72,88,22,100,100,100,100,100,100,100,100,54,36,57,85
2020-04,0.0589,72,55,0.5,2,34,5,38,1,62,35,28,37,50,77,54,53,22,36,38,60,49,26,65,59,68,43,27,41,64,55,61,64,33,43,55,43,55,47,53,48,54,12,64,62,48,83,32,47,45,64,68,40,50,69
2020-05,0.0651,60,37,0.5,2,30,6,31,1,42,27,21,29,34,58,35,33,24,28,24,47,31,25,47,36,50,29,34,36,42,36,52,39,27,28,40,28,41,31,33,40,36,12,47,51,31,60,21,33,28,50,40,37,55,56
2020-06,0.0348,68,46,0.5,2,31,16,34,1,52,32,20,34,39,54,43,44,33,35,28,56,38,38,57,46,60,36,52,37,53,45,59,41,33,38,38,33,50,37,37,48,51,15,50,59,36,66,25,36,37,60,22,30,63,66
2020-07,0.0589,63,36,0.5,1,63,41,71,1,43,41,22,67,31,80,33,30,31,29,22,43,22,40,41,36,46,27,54,35,44,39,52,29,33,27,30,24,43,27,28,49,43,11,35,39,24,72,19,27,29,45,20,31,61,59
2020-08,-0.0063,60,28,0.5,1,74,35,64,0.5,34,96,22,65,25,64,25,20,26,26,14,33,15,36,30,31,45,22,52,33,35,31,49,18,30,22,22,17,44,19,18,80,39,14,30,32,17,72,13,22,19,37,20,32,62,58
2020-09,0.0173,56,30,1,1,100,31,100,1,36,100,23,100,26,62,28,22,34,27,20,37,17,47,32,35,38,26,64,42,38,32,54,20,57,23,31,18,44,23,20,100,50,26,34,42,20,65,15,25,38,40,29,37,60,52
2020-10,0.0395,51,33,1,1,53,45,50,1,41,65,20,52,29,56,28,24,25,26,21,40,19,44,33,32,34,25,56,43,43,37,49,21,47,24,34,19,34,24,21,78,48,18,30,44,19,55,17,21,28,43,24,36,60,47
2020-11,0.0426,58,32,1,2,54,100,49,2,40,48,16,53,29,54,28,27,24,27,24,38,21,45,41,32,42,29,46,37,41,34,49,23,57,25,37,22,40,28,22,63,50,28,34,49,23,46,20,24,23,41,20,32,53,54
2020-12,0.028,66,26,2,2,73,79,70,2,37,54,15,73,22,50,23,21,24,25,17,32,16,51,34,30,49,24,35,34,37,32,46,17,38,21,29,17,46,23,14,67,52,33,33,41,18,44,14,25,19,36,20,37,50,63
2021-01,0.0249,89,26,75,58,85,91,65,100,37,61,16,72,23,54,23,21,28,25,27,29,16,56,35,30,96,39,39,32,38,32,45,19,40,28,37,17,55,23,20,66,52,18,41,44,18,50,22,50,31,34,23,41,56,88
2021-02,0.0082,100,26,100,64,74,70,58,61,39,57,21,66,22,59,22,20,31,25,24,27,16,66,36,34,100,35,56,41,39,33,50,17,49,26,35,15,59,22,19,69,62,24,54,54,19,51,21,48,38,32,22,52,57,100
2021-03,0.0602,75,27,68,34,71,70,65,24,40,51,16,76,21,44,23,20,47,30,20,31,15,100,37,33,56,26,63,39,40,34,52,16,100,23,48,14,54,23,16,68,71,18,56,47,18,47,16,28,26,35,29,51,55,70
2021-04,0.0076,63,23,27,16,53,48,52,10,35,45,20,57,18,44,18,14,32,24,19,24,12,79,26,31,49,23,43,42,35,30,50,12,55,17,42,10,52,16,12,61,70,15,51,37,14,57,13,23,21,28,22,48,56,60
2021-05,0.0181,58,23,22,37,44,35,43,7,34,35,15,48,18,37,18,13,31,21,17,23,12,77,24,29,48,22,41,34,34,30,46,13,54,17,36,11,48,15,16,52,65,43,50,34,14,46,12,22,32,26,20,73,60,56
2021-06,0.0307,61,22,31,100,37,43,35,10,35,32,16,41,18,34,18,12,29,21,14,22,10,78,23,30,42,19,36,26,35,28,46,12,41,15,28,10,43,14,12,46,70,35,48,34,12,47,11,17,24,24,15,58,64,59
2021-07,0.0219,51,22,13,37,30,36,31,4,33,38,19,36,17,40,18,12,29,22,17,22,11,81,22,29,31,18,41,24,34,29,49,12,40,16,32,10,43,13,15,53,68,27,53,34,12,50,11,13,24,24,15,49,63,48
2021-08,-0.0008,50,21,11,30,31,31,29,3,34,32,17,32,17,34,17,12,29,22,14,21,10,81,19,29,29,16,41,24,34,28,49,11,32,15,23,11,39,12,11,48,74,31,51,39,11,48,10,13,22,24,15,42,65,48
2021-09,0.0045,46,20,10,22,26,23,24,3,33,34,17,26,19,27,17,12,28,25,17,22,11,77,20,30,28,18,36,32,33,28,47,10,30,18,32,10,37,14,11,44,70,42,46,33,13,44,10,17,28,23,19,45,62,42
2021-10,0.0474,50,20,6,15,45,24,44,2,34,32,24,49,19,31,17,12,26,24,16,22,12,77,20,29,31,19,35,36,34,28,45,10,30,15,36,10,34,14,13,43,72,44,47,34,12,48,10,18,20,23,21,64,61,47
2021-11,0.0027,57,21,9,17,65,29,60,3,33,34,24,68,19,35,16,13,38,29,19,21,13,63,22,30,36,22,49,37,33,27,54,10,29,16,41,10,34,16,13,50,64,60,53,38,12,54,11,22,22,21,20,84,58,54
2021-12,-0.0205,50,24,8,15,45,29,41,3,41,42,25,50,21,30,20,17,49,35,22,24,19,56,29,36,31,24,67,30,40,33,62,13,40,19,37,13,48,21,19,62,64,73,62,46,16,59,10,22,37,26,18,73,56,47
2022-01,-0.029,49,25,8,12,49,25,46,3,40,40,27,53,21,33,19,16,64,35,24,23,17,58,29,38,33,26,78,28,40,32,72,11,53,23,42,12,57,20,13,55,66,83,72,46,16,68,13,25,39,25,18,78,64,47
2022-02,-0.0089,53,28,6,12,42,22,36,2,49,35,41,42,27,44,23,20,65,38,29,27,19,68,35,40,33,28,75,36,48,37,67,15,65,27,47,16,50,23,21,49,79,52,70,52,21,58,18,21,40,30,22,89,63,49
2022-03,0.0012,51,31,12,15,46,30,39,3,55,34,32,46,28,60,24,20,62,39,27,28,20,61,33,39,31,25,77,32,54,40,68,14,47,26,42,15,44,21,18,46,84,49,73,50,17,53,15,17,37,32,23,89,64,48
